step,loss/train,loss/val,f1/val,acc_largest/val,acc_random/val,replicate,net_name,method,mode,loss_func
1,2.5840435028076167,,,,,8,CORnet_S,transfer,classify,CE_random
2,2.7381696701049805,,,,,8,CORnet_S,transfer,classify,CE_random
3,2.9614505767822266,,,,,8,CORnet_S,transfer,classify,CE_random
4,2.382394552230835,,,,,8,CORnet_S,transfer,classify,CE_random
5,2.480830192565918,,,,,8,CORnet_S,transfer,classify,CE_random
6,2.877747774124145,,,,,8,CORnet_S,transfer,classify,CE_random
7,2.8163051605224614,,,,,8,CORnet_S,transfer,classify,CE_random
8,3.060609579086304,,,,,8,CORnet_S,transfer,classify,CE_random
9,3.2525312900543213,,,,,8,CORnet_S,transfer,classify,CE_random
10,2.7250652313232417,,,,,8,CORnet_S,transfer,classify,CE_random
11,2.7171790599823,,,,,8,CORnet_S,transfer,classify,CE_random
12,2.7143454551696777,,,,,8,CORnet_S,transfer,classify,CE_random
13,2.8991696834564213,,,,,8,CORnet_S,transfer,classify,CE_random
14,2.551945447921753,,,,,8,CORnet_S,transfer,classify,CE_random
15,2.573049068450928,,,,,8,CORnet_S,transfer,classify,CE_random
16,3.2600514888763428,,,,,8,CORnet_S,transfer,classify,CE_random
17,2.8621752262115483,,,,,8,CORnet_S,transfer,classify,CE_random
18,2.8726167678833012,,,,,8,CORnet_S,transfer,classify,CE_random
19,2.7192533016204834,,,,,8,CORnet_S,transfer,classify,CE_random
20,2.808215618133545,,,,,8,CORnet_S,transfer,classify,CE_random
21,2.517803192138672,,,,,8,CORnet_S,transfer,classify,CE_random
22,3.194974184036255,,,,,8,CORnet_S,transfer,classify,CE_random
23,2.6548147201538086,,,,,8,CORnet_S,transfer,classify,CE_random
24,2.8433938026428223,,,,,8,CORnet_S,transfer,classify,CE_random
25,2.9772756099700928,,,,,8,CORnet_S,transfer,classify,CE_random
26,2.458695888519287,,,,,8,CORnet_S,transfer,classify,CE_random
27,2.5083692073822017,,,,,8,CORnet_S,transfer,classify,CE_random
28,2.8251302242279053,,,,,8,CORnet_S,transfer,classify,CE_random
29,3.0785744190216064,,,,,8,CORnet_S,transfer,classify,CE_random
30,2.525782823562622,,,,,8,CORnet_S,transfer,classify,CE_random
31,2.459191083908081,,,,,8,CORnet_S,transfer,classify,CE_random
32,2.6233508586883545,,,,,8,CORnet_S,transfer,classify,CE_random
33,2.7826318740844727,,,,,8,CORnet_S,transfer,classify,CE_random
34,2.8070995807647705,,,,,8,CORnet_S,transfer,classify,CE_random
35,2.615131378173828,,,,,8,CORnet_S,transfer,classify,CE_random
36,2.805484771728516,,,,,8,CORnet_S,transfer,classify,CE_random
37,2.8249528408050537,,,,,8,CORnet_S,transfer,classify,CE_random
38,2.6761488914489746,,,,,8,CORnet_S,transfer,classify,CE_random
39,2.788766384124756,,,,,8,CORnet_S,transfer,classify,CE_random
40,2.902305126190185,,,,,8,CORnet_S,transfer,classify,CE_random
41,2.561052799224853,,,,,8,CORnet_S,transfer,classify,CE_random
42,2.517395496368408,,,,,8,CORnet_S,transfer,classify,CE_random
43,2.7544925212860107,,,,,8,CORnet_S,transfer,classify,CE_random
44,2.30600905418396,,,,,8,CORnet_S,transfer,classify,CE_random
45,2.5085811614990234,,,,,8,CORnet_S,transfer,classify,CE_random
46,2.506164073944092,,,,,8,CORnet_S,transfer,classify,CE_random
47,2.5529332160949707,,,,,8,CORnet_S,transfer,classify,CE_random
48,2.4993295669555664,,,,,8,CORnet_S,transfer,classify,CE_random
49,3.0570569038391118,,,,,8,CORnet_S,transfer,classify,CE_random
50,2.385537624359131,2.6099085807800293,0.11213713884353638,0.21277624368667605,0.2439226508140564,8,CORnet_S,transfer,classify,CE_random
51,2.625344038009644,,,,,8,CORnet_S,transfer,classify,CE_random
52,2.8596749305725098,,,,,8,CORnet_S,transfer,classify,CE_random
53,2.3160436153411865,,,,,8,CORnet_S,transfer,classify,CE_random
54,2.955869197845459,,,,,8,CORnet_S,transfer,classify,CE_random
55,2.4497435092926025,,,,,8,CORnet_S,transfer,classify,CE_random
56,2.4724299907684326,,,,,8,CORnet_S,transfer,classify,CE_random
57,2.660482168197632,,,,,8,CORnet_S,transfer,classify,CE_random
58,2.709002494812012,,,,,8,CORnet_S,transfer,classify,CE_random
59,2.5563039779663086,,,,,8,CORnet_S,transfer,classify,CE_random
60,3.0131070613861084,,,,,8,CORnet_S,transfer,classify,CE_random
61,2.335127592086792,,,,,8,CORnet_S,transfer,classify,CE_random
62,2.680699110031128,,,,,8,CORnet_S,transfer,classify,CE_random
63,2.4566457271575928,,,,,8,CORnet_S,transfer,classify,CE_random
64,2.7027289867401123,,,,,8,CORnet_S,transfer,classify,CE_random
65,2.5293915271759038,,,,,8,CORnet_S,transfer,classify,CE_random
66,2.4662349224090576,,,,,8,CORnet_S,transfer,classify,CE_random
67,1.9475717544555664,,,,,8,CORnet_S,transfer,classify,CE_random
68,2.254603862762451,,,,,8,CORnet_S,transfer,classify,CE_random
69,2.6661336421966557,,,,,8,CORnet_S,transfer,classify,CE_random
70,2.612905263900757,,,,,8,CORnet_S,transfer,classify,CE_random
71,2.8787741661071777,,,,,8,CORnet_S,transfer,classify,CE_random
72,3.0702016353607178,,,,,8,CORnet_S,transfer,classify,CE_random
73,2.960521697998047,,,,,8,CORnet_S,transfer,classify,CE_random
74,2.72690749168396,,,,,8,CORnet_S,transfer,classify,CE_random
75,2.9248952865600586,,,,,8,CORnet_S,transfer,classify,CE_random
76,2.5126843452453613,,,,,8,CORnet_S,transfer,classify,CE_random
77,2.5355801582336426,,,,,8,CORnet_S,transfer,classify,CE_random
78,2.513699769973755,,,,,8,CORnet_S,transfer,classify,CE_random
79,2.2739920616149902,,,,,8,CORnet_S,transfer,classify,CE_random
80,2.6351685523986816,,,,,8,CORnet_S,transfer,classify,CE_random
81,2.388747453689575,,,,,8,CORnet_S,transfer,classify,CE_random
82,2.931029796600342,,,,,8,CORnet_S,transfer,classify,CE_random
83,2.710688591003418,,,,,8,CORnet_S,transfer,classify,CE_random
84,2.629197120666504,,,,,8,CORnet_S,transfer,classify,CE_random
85,2.6377642154693604,,,,,8,CORnet_S,transfer,classify,CE_random
86,2.5265326499938965,,,,,8,CORnet_S,transfer,classify,CE_random
87,2.500089168548584,,,,,8,CORnet_S,transfer,classify,CE_random
88,2.3516318798065186,,,,,8,CORnet_S,transfer,classify,CE_random
89,2.7897534370422363,,,,,8,CORnet_S,transfer,classify,CE_random
90,2.432906150817871,,,,,8,CORnet_S,transfer,classify,CE_random
91,2.5423619747161865,,,,,8,CORnet_S,transfer,classify,CE_random
92,2.8660030364990234,,,,,8,CORnet_S,transfer,classify,CE_random
93,2.397874116897583,,,,,8,CORnet_S,transfer,classify,CE_random
94,2.7873528003692627,,,,,8,CORnet_S,transfer,classify,CE_random
95,2.0902040004730225,,,,,8,CORnet_S,transfer,classify,CE_random
96,2.4839918613433842,,,,,8,CORnet_S,transfer,classify,CE_random
97,2.6379599571228027,,,,,8,CORnet_S,transfer,classify,CE_random
98,2.2357957363128658,,,,,8,CORnet_S,transfer,classify,CE_random
99,2.5143718719482417,,,,,8,CORnet_S,transfer,classify,CE_random
100,2.254983901977539,2.3640460968017583,0.13933655619621274,0.26042819023132324,0.2877762317657471,8,CORnet_S,transfer,classify,CE_random
101,2.3560028076171875,,,,,8,CORnet_S,transfer,classify,CE_random
102,2.0008773803710938,,,,,8,CORnet_S,transfer,classify,CE_random
103,2.481043815612793,,,,,8,CORnet_S,transfer,classify,CE_random
104,2.5041167736053467,,,,,8,CORnet_S,transfer,classify,CE_random
105,2.74153995513916,,,,,8,CORnet_S,transfer,classify,CE_random
106,2.1327223777771,,,,,8,CORnet_S,transfer,classify,CE_random
107,2.381281852722168,,,,,8,CORnet_S,transfer,classify,CE_random
108,2.7244768142700195,,,,,8,CORnet_S,transfer,classify,CE_random
109,2.92035174369812,,,,,8,CORnet_S,transfer,classify,CE_random
110,2.67094087600708,,,,,8,CORnet_S,transfer,classify,CE_random
111,2.259326457977295,,,,,8,CORnet_S,transfer,classify,CE_random
112,2.251067638397217,,,,,8,CORnet_S,transfer,classify,CE_random
113,2.4978480339050293,,,,,8,CORnet_S,transfer,classify,CE_random
114,2.2384257316589355,,,,,8,CORnet_S,transfer,classify,CE_random
115,2.318603038787842,,,,,8,CORnet_S,transfer,classify,CE_random
116,2.417461633682251,,,,,8,CORnet_S,transfer,classify,CE_random
117,2.3993921279907227,,,,,8,CORnet_S,transfer,classify,CE_random
118,2.1130354404449463,,,,,8,CORnet_S,transfer,classify,CE_random
119,2.962348222732544,,,,,8,CORnet_S,transfer,classify,CE_random
120,2.2309014797210693,,,,,8,CORnet_S,transfer,classify,CE_random
121,2.920285701751709,,,,,8,CORnet_S,transfer,classify,CE_random
122,2.107006549835205,,,,,8,CORnet_S,transfer,classify,CE_random
123,2.0121612548828125,,,,,8,CORnet_S,transfer,classify,CE_random
124,2.6743335723876958,,,,,8,CORnet_S,transfer,classify,CE_random
125,2.615863800048828,,,,,8,CORnet_S,transfer,classify,CE_random
126,2.424403429031372,,,,,8,CORnet_S,transfer,classify,CE_random
127,2.585854768753052,,,,,8,CORnet_S,transfer,classify,CE_random
128,2.300470352172852,,,,,8,CORnet_S,transfer,classify,CE_random
129,2.5329699516296387,,,,,8,CORnet_S,transfer,classify,CE_random
130,2.686464071273804,,,,,8,CORnet_S,transfer,classify,CE_random
131,2.5606377124786377,,,,,8,CORnet_S,transfer,classify,CE_random
132,2.55648136138916,,,,,8,CORnet_S,transfer,classify,CE_random
133,2.631347417831421,,,,,8,CORnet_S,transfer,classify,CE_random
134,2.325995445251465,,,,,8,CORnet_S,transfer,classify,CE_random
135,2.420359373092652,,,,,8,CORnet_S,transfer,classify,CE_random
136,2.0551295280456543,,,,,8,CORnet_S,transfer,classify,CE_random
137,2.4889633655548096,,,,,8,CORnet_S,transfer,classify,CE_random
138,2.394984245300293,,,,,8,CORnet_S,transfer,classify,CE_random
139,2.202817678451538,,,,,8,CORnet_S,transfer,classify,CE_random
140,2.393683433532715,,,,,8,CORnet_S,transfer,classify,CE_random
141,2.3670670986175537,,,,,8,CORnet_S,transfer,classify,CE_random
142,2.0492892265319824,,,,,8,CORnet_S,transfer,classify,CE_random
143,2.1573994159698486,,,,,8,CORnet_S,transfer,classify,CE_random
144,2.816661834716797,,,,,8,CORnet_S,transfer,classify,CE_random
145,2.6083099842071533,,,,,8,CORnet_S,transfer,classify,CE_random
146,2.39471173286438,,,,,8,CORnet_S,transfer,classify,CE_random
147,2.076882123947144,,,,,8,CORnet_S,transfer,classify,CE_random
148,1.8821220397949217,,,,,8,CORnet_S,transfer,classify,CE_random
149,2.283053398132324,,,,,8,CORnet_S,transfer,classify,CE_random
150,2.660598993301392,2.21197772026062,0.1856456398963928,0.3136049807071686,0.33715468645095825,8,CORnet_S,transfer,classify,CE_random
151,2.4445157051086426,,,,,8,CORnet_S,transfer,classify,CE_random
152,2.6749908924102783,,,,,8,CORnet_S,transfer,classify,CE_random
153,2.297738075256348,,,,,8,CORnet_S,transfer,classify,CE_random
154,2.0765528678894043,,,,,8,CORnet_S,transfer,classify,CE_random
155,2.3617234230041504,,,,,8,CORnet_S,transfer,classify,CE_random
156,2.1600391864776607,,,,,8,CORnet_S,transfer,classify,CE_random
157,2.164553165435791,,,,,8,CORnet_S,transfer,classify,CE_random
158,2.1679255962371826,,,,,8,CORnet_S,transfer,classify,CE_random
159,1.997376561164856,,,,,8,CORnet_S,transfer,classify,CE_random
160,2.529853343963623,,,,,8,CORnet_S,transfer,classify,CE_random
161,1.9457652568817136,,,,,8,CORnet_S,transfer,classify,CE_random
162,2.355118989944458,,,,,8,CORnet_S,transfer,classify,CE_random
163,2.4564244747161865,,,,,8,CORnet_S,transfer,classify,CE_random
164,2.4861536026000977,,,,,8,CORnet_S,transfer,classify,CE_random
165,2.237377166748047,,,,,8,CORnet_S,transfer,classify,CE_random
166,2.27173399925232,,,,,8,CORnet_S,transfer,classify,CE_random
167,2.2143261432647705,,,,,8,CORnet_S,transfer,classify,CE_random
168,2.19284987449646,,,,,8,CORnet_S,transfer,classify,CE_random
169,2.591290235519409,,,,,8,CORnet_S,transfer,classify,CE_random
170,2.3258564472198486,,,,,8,CORnet_S,transfer,classify,CE_random
171,2.7285349369049072,,,,,8,CORnet_S,transfer,classify,CE_random
172,1.8630545139312744,,,,,8,CORnet_S,transfer,classify,CE_random
173,1.8332231044769287,,,,,8,CORnet_S,transfer,classify,CE_random
174,1.7249319553375244,,,,,8,CORnet_S,transfer,classify,CE_random
175,2.4605913162231445,,,,,8,CORnet_S,transfer,classify,CE_random
176,1.888438701629639,,,,,8,CORnet_S,transfer,classify,CE_random
177,2.6671905517578125,,,,,8,CORnet_S,transfer,classify,CE_random
178,2.633693218231201,,,,,8,CORnet_S,transfer,classify,CE_random
179,2.4878628253936768,,,,,8,CORnet_S,transfer,classify,CE_random
180,1.7922701835632324,,,,,8,CORnet_S,transfer,classify,CE_random
181,2.3201375007629395,,,,,8,CORnet_S,transfer,classify,CE_random
182,2.7708749771118164,,,,,8,CORnet_S,transfer,classify,CE_random
183,2.4030237197875977,,,,,8,CORnet_S,transfer,classify,CE_random
184,2.1445267200469966,,,,,8,CORnet_S,transfer,classify,CE_random
185,2.0527584552764893,,,,,8,CORnet_S,transfer,classify,CE_random
186,2.2762577533721924,,,,,8,CORnet_S,transfer,classify,CE_random
187,2.1597201824188232,,,,,8,CORnet_S,transfer,classify,CE_random
188,2.1085829734802246,,,,,8,CORnet_S,transfer,classify,CE_random
189,2.1336336135864262,,,,,8,CORnet_S,transfer,classify,CE_random
190,2.1699995994567867,,,,,8,CORnet_S,transfer,classify,CE_random
191,2.214829683303833,,,,,8,CORnet_S,transfer,classify,CE_random
192,2.077561616897583,,,,,8,CORnet_S,transfer,classify,CE_random
193,2.629424571990967,,,,,8,CORnet_S,transfer,classify,CE_random
194,2.0074212551116943,,,,,8,CORnet_S,transfer,classify,CE_random
195,1.9488573074340818,,,,,8,CORnet_S,transfer,classify,CE_random
196,2.2304859161376958,,,,,8,CORnet_S,transfer,classify,CE_random
197,2.408078670501709,,,,,8,CORnet_S,transfer,classify,CE_random
198,2.492673397064209,,,,,8,CORnet_S,transfer,classify,CE_random
199,2.4760990142822266,,,,,8,CORnet_S,transfer,classify,CE_random
200,2.1156167984008794,2.0397729873657227,0.18881714344024655,0.4406768083572388,0.4600138068199158,8,CORnet_S,transfer,classify,CE_random
201,1.935157299041748,,,,,8,CORnet_S,transfer,classify,CE_random
202,2.4193387031555176,,,,,8,CORnet_S,transfer,classify,CE_random
203,2.6395132541656494,,,,,8,CORnet_S,transfer,classify,CE_random
204,2.0138096809387207,,,,,8,CORnet_S,transfer,classify,CE_random
205,2.179025650024414,,,,,8,CORnet_S,transfer,classify,CE_random
206,1.898033618927002,,,,,8,CORnet_S,transfer,classify,CE_random
207,2.577301263809204,,,,,8,CORnet_S,transfer,classify,CE_random
208,1.9362579584121704,,,,,8,CORnet_S,transfer,classify,CE_random
209,2.435177087783813,,,,,8,CORnet_S,transfer,classify,CE_random
210,2.71203351020813,,,,,8,CORnet_S,transfer,classify,CE_random
211,1.883264660835266,,,,,8,CORnet_S,transfer,classify,CE_random
212,2.7354507446289062,,,,,8,CORnet_S,transfer,classify,CE_random
213,2.1153802871704097,,,,,8,CORnet_S,transfer,classify,CE_random
214,2.188499927520752,,,,,8,CORnet_S,transfer,classify,CE_random
215,2.333543062210083,,,,,8,CORnet_S,transfer,classify,CE_random
216,2.5018179416656494,,,,,8,CORnet_S,transfer,classify,CE_random
217,2.46976900100708,,,,,8,CORnet_S,transfer,classify,CE_random
218,2.236100435256958,,,,,8,CORnet_S,transfer,classify,CE_random
219,1.8289378881454468,,,,,8,CORnet_S,transfer,classify,CE_random
220,2.19842791557312,,,,,8,CORnet_S,transfer,classify,CE_random
221,2.1104936599731445,,,,,8,CORnet_S,transfer,classify,CE_random
222,2.066042423248291,,,,,8,CORnet_S,transfer,classify,CE_random
223,2.37268590927124,,,,,8,CORnet_S,transfer,classify,CE_random
224,1.922612309455872,,,,,8,CORnet_S,transfer,classify,CE_random
225,2.722062349319458,,,,,8,CORnet_S,transfer,classify,CE_random
226,2.1721842288970947,,,,,8,CORnet_S,transfer,classify,CE_random
227,2.408440589904785,,,,,8,CORnet_S,transfer,classify,CE_random
228,2.2506182193756104,,,,,8,CORnet_S,transfer,classify,CE_random
229,1.7927702665328982,,,,,8,CORnet_S,transfer,classify,CE_random
230,2.4684255123138428,,,,,8,CORnet_S,transfer,classify,CE_random
231,1.9473005533218384,,,,,8,CORnet_S,transfer,classify,CE_random
232,2.6579747200012207,,,,,8,CORnet_S,transfer,classify,CE_random
233,2.1213865280151367,,,,,8,CORnet_S,transfer,classify,CE_random
234,1.9815340042114256,,,,,8,CORnet_S,transfer,classify,CE_random
235,2.3894753456115723,,,,,8,CORnet_S,transfer,classify,CE_random
236,1.854840874671936,,,,,8,CORnet_S,transfer,classify,CE_random
237,2.1907079219818115,,,,,8,CORnet_S,transfer,classify,CE_random
238,2.2010571956634517,,,,,8,CORnet_S,transfer,classify,CE_random
239,2.225379228591919,,,,,8,CORnet_S,transfer,classify,CE_random
240,2.5620591640472408,,,,,8,CORnet_S,transfer,classify,CE_random
241,2.1702139377593994,,,,,8,CORnet_S,transfer,classify,CE_random
242,2.354159116744995,,,,,8,CORnet_S,transfer,classify,CE_random
243,1.8479288816452024,,,,,8,CORnet_S,transfer,classify,CE_random
244,1.8853006362915041,,,,,8,CORnet_S,transfer,classify,CE_random
245,2.2604925632476807,,,,,8,CORnet_S,transfer,classify,CE_random
246,1.6735283136367798,,,,,8,CORnet_S,transfer,classify,CE_random
247,2.111735820770264,,,,,8,CORnet_S,transfer,classify,CE_random
248,2.22144103050232,,,,,8,CORnet_S,transfer,classify,CE_random
249,1.7260086536407468,,,,,8,CORnet_S,transfer,classify,CE_random
250,2.144476413726806,1.9251668453216555,0.22273458540439608,0.42037293314933777,0.4459254145622253,8,CORnet_S,transfer,classify,CE_random
251,1.7583930492401123,,,,,8,CORnet_S,transfer,classify,CE_random
252,2.1745078563690186,,,,,8,CORnet_S,transfer,classify,CE_random
253,2.1977155208587646,,,,,8,CORnet_S,transfer,classify,CE_random
254,1.856839299201965,,,,,8,CORnet_S,transfer,classify,CE_random
255,2.110921859741211,,,,,8,CORnet_S,transfer,classify,CE_random
256,2.2035601139068604,,,,,8,CORnet_S,transfer,classify,CE_random
257,2.380844116210937,,,,,8,CORnet_S,transfer,classify,CE_random
258,1.9296836853027344,,,,,8,CORnet_S,transfer,classify,CE_random
259,2.134429693222046,,,,,8,CORnet_S,transfer,classify,CE_random
260,1.9116052389144895,,,,,8,CORnet_S,transfer,classify,CE_random
261,2.274127960205078,,,,,8,CORnet_S,transfer,classify,CE_random
262,1.9263750314712524,,,,,8,CORnet_S,transfer,classify,CE_random
263,1.8000575304031372,,,,,8,CORnet_S,transfer,classify,CE_random
264,2.263680219650269,,,,,8,CORnet_S,transfer,classify,CE_random
265,2.178808689117432,,,,,8,CORnet_S,transfer,classify,CE_random
266,2.3396525382995605,,,,,8,CORnet_S,transfer,classify,CE_random
267,2.1319384574890137,,,,,8,CORnet_S,transfer,classify,CE_random
268,1.8863874673843384,,,,,8,CORnet_S,transfer,classify,CE_random
269,2.253950595855713,,,,,8,CORnet_S,transfer,classify,CE_random
270,2.22088885307312,,,,,8,CORnet_S,transfer,classify,CE_random
271,2.007089853286743,,,,,8,CORnet_S,transfer,classify,CE_random
272,2.006194829940796,,,,,8,CORnet_S,transfer,classify,CE_random
273,2.653054714202881,,,,,8,CORnet_S,transfer,classify,CE_random
274,1.8311617374420168,,,,,8,CORnet_S,transfer,classify,CE_random
275,2.0656092166900635,,,,,8,CORnet_S,transfer,classify,CE_random
276,1.9564223289489744,,,,,8,CORnet_S,transfer,classify,CE_random
277,2.4172959327697754,,,,,8,CORnet_S,transfer,classify,CE_random
278,2.1184604167938232,,,,,8,CORnet_S,transfer,classify,CE_random
279,1.966737151145935,,,,,8,CORnet_S,transfer,classify,CE_random
280,2.388567447662353,,,,,8,CORnet_S,transfer,classify,CE_random
281,1.9392633438110352,,,,,8,CORnet_S,transfer,classify,CE_random
282,2.1355154514312744,,,,,8,CORnet_S,transfer,classify,CE_random
283,2.1631555557250977,,,,,8,CORnet_S,transfer,classify,CE_random
284,2.2447805404663086,,,,,8,CORnet_S,transfer,classify,CE_random
285,2.0806634426116943,,,,,8,CORnet_S,transfer,classify,CE_random
286,2.157066822052002,,,,,8,CORnet_S,transfer,classify,CE_random
287,1.801759958267212,,,,,8,CORnet_S,transfer,classify,CE_random
288,1.96816086769104,,,,,8,CORnet_S,transfer,classify,CE_random
289,2.036951065063477,,,,,8,CORnet_S,transfer,classify,CE_random
290,2.36295223236084,,,,,8,CORnet_S,transfer,classify,CE_random
291,2.100667953491211,,,,,8,CORnet_S,transfer,classify,CE_random
292,1.8925979137420652,,,,,8,CORnet_S,transfer,classify,CE_random
293,2.490997791290283,,,,,8,CORnet_S,transfer,classify,CE_random
294,2.223365068435669,,,,,8,CORnet_S,transfer,classify,CE_random
295,1.9006543159484863,,,,,8,CORnet_S,transfer,classify,CE_random
296,2.0135927200317383,,,,,8,CORnet_S,transfer,classify,CE_random
297,2.1897449493408203,,,,,8,CORnet_S,transfer,classify,CE_random
298,2.289479970932007,,,,,8,CORnet_S,transfer,classify,CE_random
299,2.03980016708374,,,,,8,CORnet_S,transfer,classify,CE_random
300,2.3752515316009517,1.8258655071258545,0.22484922409057614,0.5337016582489014,0.5409530401229858,8,CORnet_S,transfer,classify,CE_random
301,2.171958446502685,,,,,8,CORnet_S,transfer,classify,CE_random
302,1.907975435256958,,,,,8,CORnet_S,transfer,classify,CE_random
303,2.4227797985076904,,,,,8,CORnet_S,transfer,classify,CE_random
304,1.5871627330780032,,,,,8,CORnet_S,transfer,classify,CE_random
305,1.666085720062256,,,,,8,CORnet_S,transfer,classify,CE_random
306,2.135305166244507,,,,,8,CORnet_S,transfer,classify,CE_random
307,2.0820751190185547,,,,,8,CORnet_S,transfer,classify,CE_random
308,1.6576477289199831,,,,,8,CORnet_S,transfer,classify,CE_random
309,1.700636625289917,,,,,8,CORnet_S,transfer,classify,CE_random
310,1.988382697105408,,,,,8,CORnet_S,transfer,classify,CE_random
311,2.4936366081237797,,,,,8,CORnet_S,transfer,classify,CE_random
312,2.1346402168273926,,,,,8,CORnet_S,transfer,classify,CE_random
313,1.8257023096084597,,,,,8,CORnet_S,transfer,classify,CE_random
314,2.2486722469329834,,,,,8,CORnet_S,transfer,classify,CE_random
315,2.327155113220215,,,,,8,CORnet_S,transfer,classify,CE_random
316,2.1650140285491943,,,,,8,CORnet_S,transfer,classify,CE_random
317,2.157021999359131,,,,,8,CORnet_S,transfer,classify,CE_random
318,1.7422971725463867,,,,,8,CORnet_S,transfer,classify,CE_random
319,2.578978538513184,,,,,8,CORnet_S,transfer,classify,CE_random
320,2.065126180648804,,,,,8,CORnet_S,transfer,classify,CE_random
321,2.1673524379730225,,,,,8,CORnet_S,transfer,classify,CE_random
322,2.126333475112915,,,,,8,CORnet_S,transfer,classify,CE_random
323,1.759631872177124,,,,,8,CORnet_S,transfer,classify,CE_random
324,1.9717162847518919,,,,,8,CORnet_S,transfer,classify,CE_random
325,1.9444587230682373,,,,,8,CORnet_S,transfer,classify,CE_random
326,1.7959164381027222,,,,,8,CORnet_S,transfer,classify,CE_random
327,2.226327657699585,,,,,8,CORnet_S,transfer,classify,CE_random
328,1.9445257186889648,,,,,8,CORnet_S,transfer,classify,CE_random
329,2.055471658706665,,,,,8,CORnet_S,transfer,classify,CE_random
330,2.0619118213653564,,,,,8,CORnet_S,transfer,classify,CE_random
331,1.7848694324493408,,,,,8,CORnet_S,transfer,classify,CE_random
332,1.735617995262146,,,,,8,CORnet_S,transfer,classify,CE_random
333,2.336246490478516,,,,,8,CORnet_S,transfer,classify,CE_random
334,1.932671904563904,,,,,8,CORnet_S,transfer,classify,CE_random
335,1.807608127593994,,,,,8,CORnet_S,transfer,classify,CE_random
336,1.8068528175354004,,,,,8,CORnet_S,transfer,classify,CE_random
337,1.9916141033172607,,,,,8,CORnet_S,transfer,classify,CE_random
338,1.9471473693847656,,,,,8,CORnet_S,transfer,classify,CE_random
339,1.9461512565612795,,,,,8,CORnet_S,transfer,classify,CE_random
340,2.1155483722686768,,,,,8,CORnet_S,transfer,classify,CE_random
341,2.0852935314178467,,,,,8,CORnet_S,transfer,classify,CE_random
342,2.1042208671569824,,,,,8,CORnet_S,transfer,classify,CE_random
343,1.716983437538147,,,,,8,CORnet_S,transfer,classify,CE_random
344,1.963884115219116,,,,,8,CORnet_S,transfer,classify,CE_random
345,1.835430145263672,,,,,8,CORnet_S,transfer,classify,CE_random
346,2.1784467697143555,,,,,8,CORnet_S,transfer,classify,CE_random
347,1.77107834815979,,,,,8,CORnet_S,transfer,classify,CE_random
348,2.035294771194458,,,,,8,CORnet_S,transfer,classify,CE_random
349,2.2650046348571777,,,,,8,CORnet_S,transfer,classify,CE_random
350,1.6978368759155271,1.7670706510543823,0.21707764267921448,0.5053867697715759,0.5092541575431824,8,CORnet_S,transfer,classify,CE_random
351,1.906543731689453,,,,,8,CORnet_S,transfer,classify,CE_random
352,2.342760801315308,,,,,8,CORnet_S,transfer,classify,CE_random
353,2.1428787708282466,,,,,8,CORnet_S,transfer,classify,CE_random
354,1.9341866970062256,,,,,8,CORnet_S,transfer,classify,CE_random
355,2.1479635238647456,,,,,8,CORnet_S,transfer,classify,CE_random
356,1.6840025186538696,,,,,8,CORnet_S,transfer,classify,CE_random
357,1.8192260265350344,,,,,8,CORnet_S,transfer,classify,CE_random
358,2.1780216693878174,,,,,8,CORnet_S,transfer,classify,CE_random
359,1.7810010910034182,,,,,8,CORnet_S,transfer,classify,CE_random
360,2.0605435371398926,,,,,8,CORnet_S,transfer,classify,CE_random
361,2.770026445388794,,,,,8,CORnet_S,transfer,classify,CE_random
362,1.5900861024856567,,,,,8,CORnet_S,transfer,classify,CE_random
363,1.7266627550125122,,,,,8,CORnet_S,transfer,classify,CE_random
364,2.277179718017578,,,,,8,CORnet_S,transfer,classify,CE_random
365,1.973422169685364,,,,,8,CORnet_S,transfer,classify,CE_random
366,1.8477178812026975,,,,,8,CORnet_S,transfer,classify,CE_random
367,1.954152584075928,,,,,8,CORnet_S,transfer,classify,CE_random
368,1.7737072706222534,,,,,8,CORnet_S,transfer,classify,CE_random
369,1.8155261278152464,,,,,8,CORnet_S,transfer,classify,CE_random
370,1.5336654186248782,,,,,8,CORnet_S,transfer,classify,CE_random
371,1.7289716005325315,,,,,8,CORnet_S,transfer,classify,CE_random
372,1.6129438877105713,,,,,8,CORnet_S,transfer,classify,CE_random
373,1.8461880683898928,,,,,8,CORnet_S,transfer,classify,CE_random
374,2.3015177249908447,,,,,8,CORnet_S,transfer,classify,CE_random
375,1.7565596103668213,,,,,8,CORnet_S,transfer,classify,CE_random
376,2.06358003616333,,,,,8,CORnet_S,transfer,classify,CE_random
377,1.7117273807525637,,,,,8,CORnet_S,transfer,classify,CE_random
378,1.5226415395736694,,,,,8,CORnet_S,transfer,classify,CE_random
379,2.63077449798584,,,,,8,CORnet_S,transfer,classify,CE_random
380,1.7530289888381958,,,,,8,CORnet_S,transfer,classify,CE_random
381,2.1085822582244877,,,,,8,CORnet_S,transfer,classify,CE_random
382,1.88895583152771,,,,,8,CORnet_S,transfer,classify,CE_random
383,1.82493269443512,,,,,8,CORnet_S,transfer,classify,CE_random
384,2.1139967441558842,,,,,8,CORnet_S,transfer,classify,CE_random
385,2.0791704654693604,,,,,8,CORnet_S,transfer,classify,CE_random
386,1.7845211029052734,,,,,8,CORnet_S,transfer,classify,CE_random
387,2.0303947925567627,,,,,8,CORnet_S,transfer,classify,CE_random
388,1.9146863222122192,,,,,8,CORnet_S,transfer,classify,CE_random
389,2.3039135932922363,,,,,8,CORnet_S,transfer,classify,CE_random
390,1.4497605562210083,,,,,8,CORnet_S,transfer,classify,CE_random
391,1.953266739845276,,,,,8,CORnet_S,transfer,classify,CE_random
392,1.8437284231185915,,,,,8,CORnet_S,transfer,classify,CE_random
393,2.0085983276367188,,,,,8,CORnet_S,transfer,classify,CE_random
394,2.0972766876220703,,,,,8,CORnet_S,transfer,classify,CE_random
395,2.2857606410980225,,,,,8,CORnet_S,transfer,classify,CE_random
396,2.1583929061889653,,,,,8,CORnet_S,transfer,classify,CE_random
397,1.9027451276779173,,,,,8,CORnet_S,transfer,classify,CE_random
398,1.7906275987625122,,,,,8,CORnet_S,transfer,classify,CE_random
399,2.0120952129364014,,,,,8,CORnet_S,transfer,classify,CE_random
400,2.20434308052063,1.6578389406204224,0.24094490706920624,0.5084254145622253,0.5350828766822815,8,CORnet_S,transfer,classify,CE_random
401,1.9147741794586184,,,,,8,CORnet_S,transfer,classify,CE_random
402,1.9140729904174805,,,,,8,CORnet_S,transfer,classify,CE_random
403,1.3839327096939087,,,,,8,CORnet_S,transfer,classify,CE_random
404,2.0318326950073238,,,,,8,CORnet_S,transfer,classify,CE_random
405,2.0179638862609863,,,,,8,CORnet_S,transfer,classify,CE_random
406,2.166229724884033,,,,,8,CORnet_S,transfer,classify,CE_random
407,1.7479723691940308,,,,,8,CORnet_S,transfer,classify,CE_random
408,1.957577109336853,,,,,8,CORnet_S,transfer,classify,CE_random
409,1.848796010017395,,,,,8,CORnet_S,transfer,classify,CE_random
410,2.327085256576538,,,,,8,CORnet_S,transfer,classify,CE_random
411,1.8088901042938232,,,,,8,CORnet_S,transfer,classify,CE_random
412,2.0466134548187256,,,,,8,CORnet_S,transfer,classify,CE_random
413,2.683844566345215,,,,,8,CORnet_S,transfer,classify,CE_random
414,1.8401788473129272,,,,,8,CORnet_S,transfer,classify,CE_random
415,2.034158945083618,,,,,8,CORnet_S,transfer,classify,CE_random
416,1.6128709316253662,,,,,8,CORnet_S,transfer,classify,CE_random
417,1.7440803050994873,,,,,8,CORnet_S,transfer,classify,CE_random
418,2.1120285987854004,,,,,8,CORnet_S,transfer,classify,CE_random
419,2.0571012496948238,,,,,8,CORnet_S,transfer,classify,CE_random
420,1.869662880897522,,,,,8,CORnet_S,transfer,classify,CE_random
421,1.9725110530853271,,,,,8,CORnet_S,transfer,classify,CE_random
422,2.239965438842773,,,,,8,CORnet_S,transfer,classify,CE_random
423,1.6462457180023191,,,,,8,CORnet_S,transfer,classify,CE_random
424,1.941666960716248,,,,,8,CORnet_S,transfer,classify,CE_random
425,2.2152092456817627,,,,,8,CORnet_S,transfer,classify,CE_random
426,1.8214261531829836,,,,,8,CORnet_S,transfer,classify,CE_random
427,2.2524337768554688,,,,,8,CORnet_S,transfer,classify,CE_random
428,2.0984275341033936,,,,,8,CORnet_S,transfer,classify,CE_random
429,2.1759541034698486,,,,,8,CORnet_S,transfer,classify,CE_random
430,1.9703776836395264,,,,,8,CORnet_S,transfer,classify,CE_random
431,1.9424477815628047,,,,,8,CORnet_S,transfer,classify,CE_random
432,1.7594356536865234,,,,,8,CORnet_S,transfer,classify,CE_random
433,2.1322052478790283,,,,,8,CORnet_S,transfer,classify,CE_random
434,1.642291784286499,,,,,8,CORnet_S,transfer,classify,CE_random
435,1.8299949169158936,,,,,8,CORnet_S,transfer,classify,CE_random
436,1.8669240474700928,,,,,8,CORnet_S,transfer,classify,CE_random
437,1.577715516090393,,,,,8,CORnet_S,transfer,classify,CE_random
438,2.029076337814331,,,,,8,CORnet_S,transfer,classify,CE_random
439,1.9308208227157595,,,,,8,CORnet_S,transfer,classify,CE_random
440,1.9640729427337649,,,,,8,CORnet_S,transfer,classify,CE_random
441,1.874993085861206,,,,,8,CORnet_S,transfer,classify,CE_random
442,2.0915269851684566,,,,,8,CORnet_S,transfer,classify,CE_random
443,1.9948251247406008,,,,,8,CORnet_S,transfer,classify,CE_random
444,1.5645263195037842,,,,,8,CORnet_S,transfer,classify,CE_random
445,1.939128398895264,,,,,8,CORnet_S,transfer,classify,CE_random
446,2.1177737712860107,,,,,8,CORnet_S,transfer,classify,CE_random
447,2.249379873275757,,,,,8,CORnet_S,transfer,classify,CE_random
448,1.7534865140914917,,,,,8,CORnet_S,transfer,classify,CE_random
449,1.6627830266952517,,,,,8,CORnet_S,transfer,classify,CE_random
450,1.6098856925964355,1.6217739582061768,0.2280764877796173,0.5640884041786194,0.5703729391098022,8,CORnet_S,transfer,classify,CE_random
451,2.0600271224975586,,,,,8,CORnet_S,transfer,classify,CE_random
452,2.1380934715271,,,,,8,CORnet_S,transfer,classify,CE_random
453,1.9190707206726076,,,,,8,CORnet_S,transfer,classify,CE_random
454,2.0357666015625,,,,,8,CORnet_S,transfer,classify,CE_random
455,1.9493510723114011,,,,,8,CORnet_S,transfer,classify,CE_random
456,1.641692280769348,,,,,8,CORnet_S,transfer,classify,CE_random
457,1.7264132499694824,,,,,8,CORnet_S,transfer,classify,CE_random
458,1.6900829076766968,,,,,8,CORnet_S,transfer,classify,CE_random
459,1.489572525024414,,,,,8,CORnet_S,transfer,classify,CE_random
460,1.796522855758667,,,,,8,CORnet_S,transfer,classify,CE_random
461,2.061123371124268,,,,,8,CORnet_S,transfer,classify,CE_random
462,1.9764034748077397,,,,,8,CORnet_S,transfer,classify,CE_random
463,2.1078176498413086,,,,,8,CORnet_S,transfer,classify,CE_random
464,1.7854732275009155,,,,,8,CORnet_S,transfer,classify,CE_random
465,2.2021658420562744,,,,,8,CORnet_S,transfer,classify,CE_random
466,1.8734827041625977,,,,,8,CORnet_S,transfer,classify,CE_random
467,1.9648295640945437,,,,,8,CORnet_S,transfer,classify,CE_random
468,2.189889669418335,,,,,8,CORnet_S,transfer,classify,CE_random
469,1.4702227115631104,,,,,8,CORnet_S,transfer,classify,CE_random
470,1.5745282173156738,,,,,8,CORnet_S,transfer,classify,CE_random
471,2.0189883708953857,,,,,8,CORnet_S,transfer,classify,CE_random
472,1.7082901000976562,,,,,8,CORnet_S,transfer,classify,CE_random
473,2.11439847946167,,,,,8,CORnet_S,transfer,classify,CE_random
474,1.9199416637420652,,,,,8,CORnet_S,transfer,classify,CE_random
475,1.7344567775726318,,,,,8,CORnet_S,transfer,classify,CE_random
476,1.3853116035461426,,,,,8,CORnet_S,transfer,classify,CE_random
477,2.046228408813477,,,,,8,CORnet_S,transfer,classify,CE_random
478,1.2950992584228516,,,,,8,CORnet_S,transfer,classify,CE_random
479,1.733787178993225,,,,,8,CORnet_S,transfer,classify,CE_random
480,2.213695526123047,,,,,8,CORnet_S,transfer,classify,CE_random
481,2.1631078720092773,,,,,8,CORnet_S,transfer,classify,CE_random
482,2.0800695419311523,,,,,8,CORnet_S,transfer,classify,CE_random
483,1.803004026412964,,,,,8,CORnet_S,transfer,classify,CE_random
484,1.2431256771087646,,,,,8,CORnet_S,transfer,classify,CE_random
485,2.219687223434448,,,,,8,CORnet_S,transfer,classify,CE_random
486,1.5876022577285769,,,,,8,CORnet_S,transfer,classify,CE_random
487,2.007995367050171,,,,,8,CORnet_S,transfer,classify,CE_random
488,1.830607533454895,,,,,8,CORnet_S,transfer,classify,CE_random
489,2.034726619720459,,,,,8,CORnet_S,transfer,classify,CE_random
490,1.9474134445190432,,,,,8,CORnet_S,transfer,classify,CE_random
491,1.73520028591156,,,,,8,CORnet_S,transfer,classify,CE_random
492,1.9571977853775024,,,,,8,CORnet_S,transfer,classify,CE_random
493,1.9430185556411743,,,,,8,CORnet_S,transfer,classify,CE_random
494,1.7549152374267578,,,,,8,CORnet_S,transfer,classify,CE_random
495,1.7400429248809814,,,,,8,CORnet_S,transfer,classify,CE_random
496,1.7053098678588867,,,,,8,CORnet_S,transfer,classify,CE_random
497,1.8871357440948489,,,,,8,CORnet_S,transfer,classify,CE_random
498,1.6615761518478394,,,,,8,CORnet_S,transfer,classify,CE_random
499,2.1233785152435303,,,,,8,CORnet_S,transfer,classify,CE_random
500,2.088207006454468,1.5942175388336182,0.2413889020681381,0.5665055513381958,0.5734115839004517,8,CORnet_S,transfer,classify,CE_random
501,2.084465503692627,,,,,8,CORnet_S,transfer,classify,CE_random
502,1.7982749938964844,,,,,8,CORnet_S,transfer,classify,CE_random
503,2.268604516983032,,,,,8,CORnet_S,transfer,classify,CE_random
504,1.8835344314575195,,,,,8,CORnet_S,transfer,classify,CE_random
505,2.4873805046081543,,,,,8,CORnet_S,transfer,classify,CE_random
506,1.9082592725753784,,,,,8,CORnet_S,transfer,classify,CE_random
507,1.517255187034607,,,,,8,CORnet_S,transfer,classify,CE_random
508,1.238226294517517,,,,,8,CORnet_S,transfer,classify,CE_random
509,1.7876813411712646,,,,,8,CORnet_S,transfer,classify,CE_random
510,1.7210696935653689,,,,,8,CORnet_S,transfer,classify,CE_random
511,1.39105486869812,,,,,8,CORnet_S,transfer,classify,CE_random
512,1.9488284587860107,,,,,8,CORnet_S,transfer,classify,CE_random
513,2.289689540863037,,,,,8,CORnet_S,transfer,classify,CE_random
514,2.1219711303710938,,,,,8,CORnet_S,transfer,classify,CE_random
515,1.6449528932571411,,,,,8,CORnet_S,transfer,classify,CE_random
516,1.6910102367401123,,,,,8,CORnet_S,transfer,classify,CE_random
517,2.0203542709350586,,,,,8,CORnet_S,transfer,classify,CE_random
518,1.733668088912964,,,,,8,CORnet_S,transfer,classify,CE_random
519,1.5981919765472412,,,,,8,CORnet_S,transfer,classify,CE_random
520,1.5267342329025269,,,,,8,CORnet_S,transfer,classify,CE_random
521,1.6598411798477173,,,,,8,CORnet_S,transfer,classify,CE_random
522,2.0243816375732417,,,,,8,CORnet_S,transfer,classify,CE_random
523,1.7765907049179075,,,,,8,CORnet_S,transfer,classify,CE_random
524,1.5169836282730105,,,,,8,CORnet_S,transfer,classify,CE_random
525,1.9268151521682741,,,,,8,CORnet_S,transfer,classify,CE_random
526,1.3849165439605713,,,,,8,CORnet_S,transfer,classify,CE_random
527,1.5074466466903689,,,,,8,CORnet_S,transfer,classify,CE_random
528,1.2116237878799438,,,,,8,CORnet_S,transfer,classify,CE_random
529,1.6510754823684692,,,,,8,CORnet_S,transfer,classify,CE_random
530,2.6546285152435303,,,,,8,CORnet_S,transfer,classify,CE_random
531,1.3208842277526855,,,,,8,CORnet_S,transfer,classify,CE_random
532,2.086009979248047,,,,,8,CORnet_S,transfer,classify,CE_random
533,2.0155808925628658,,,,,8,CORnet_S,transfer,classify,CE_random
534,1.983914852142334,,,,,8,CORnet_S,transfer,classify,CE_random
535,1.7471097707748413,,,,,8,CORnet_S,transfer,classify,CE_random
536,1.8571916818618772,,,,,8,CORnet_S,transfer,classify,CE_random
537,1.7711915969848633,,,,,8,CORnet_S,transfer,classify,CE_random
538,1.9864230155944824,,,,,8,CORnet_S,transfer,classify,CE_random
539,1.4319952726364136,,,,,8,CORnet_S,transfer,classify,CE_random
540,1.8260107040405276,,,,,8,CORnet_S,transfer,classify,CE_random
541,1.8802515268325808,,,,,8,CORnet_S,transfer,classify,CE_random
542,1.5608816146850586,,,,,8,CORnet_S,transfer,classify,CE_random
543,1.9417195320129397,,,,,8,CORnet_S,transfer,classify,CE_random
544,1.8598359823226929,,,,,8,CORnet_S,transfer,classify,CE_random
545,1.5586100816726685,,,,,8,CORnet_S,transfer,classify,CE_random
546,1.7792363166809082,,,,,8,CORnet_S,transfer,classify,CE_random
547,1.9252883195877075,,,,,8,CORnet_S,transfer,classify,CE_random
548,1.5574817657470703,,,,,8,CORnet_S,transfer,classify,CE_random
549,1.6321268081665041,,,,,8,CORnet_S,transfer,classify,CE_random
550,1.7566878795623782,1.4859845638275146,0.23303334414958954,0.6020718216896057,0.6041436195373535,8,CORnet_S,transfer,classify,CE_random
551,1.5297093391418457,,,,,8,CORnet_S,transfer,classify,CE_random
552,1.5054558515548706,,,,,8,CORnet_S,transfer,classify,CE_random
553,1.885783553123474,,,,,8,CORnet_S,transfer,classify,CE_random
554,1.5127553939819336,,,,,8,CORnet_S,transfer,classify,CE_random
555,1.8316725492477417,,,,,8,CORnet_S,transfer,classify,CE_random
556,1.7236076593399048,,,,,8,CORnet_S,transfer,classify,CE_random
557,1.4324908256530762,,,,,8,CORnet_S,transfer,classify,CE_random
558,1.8385272026062007,,,,,8,CORnet_S,transfer,classify,CE_random
559,1.6430562734603882,,,,,8,CORnet_S,transfer,classify,CE_random
560,1.382087469100952,,,,,8,CORnet_S,transfer,classify,CE_random
561,1.545717477798462,,,,,8,CORnet_S,transfer,classify,CE_random
562,2.485950469970703,,,,,8,CORnet_S,transfer,classify,CE_random
563,1.3608272075653076,,,,,8,CORnet_S,transfer,classify,CE_random
564,2.281303882598877,,,,,8,CORnet_S,transfer,classify,CE_random
565,1.852715015411377,,,,,8,CORnet_S,transfer,classify,CE_random
566,1.8643054962158203,,,,,8,CORnet_S,transfer,classify,CE_random
567,1.7877460718154907,,,,,8,CORnet_S,transfer,classify,CE_random
568,1.3816568851470947,,,,,8,CORnet_S,transfer,classify,CE_random
569,1.4377918243408203,,,,,8,CORnet_S,transfer,classify,CE_random
570,1.6853715181350708,,,,,8,CORnet_S,transfer,classify,CE_random
571,2.2585251331329346,,,,,8,CORnet_S,transfer,classify,CE_random
572,2.0608251094818115,,,,,8,CORnet_S,transfer,classify,CE_random
573,1.87219762802124,,,,,8,CORnet_S,transfer,classify,CE_random
574,1.7569468021392822,,,,,8,CORnet_S,transfer,classify,CE_random
575,1.786532640457153,,,,,8,CORnet_S,transfer,classify,CE_random
576,2.3400003910064697,,,,,8,CORnet_S,transfer,classify,CE_random
577,1.4896093606948853,,,,,8,CORnet_S,transfer,classify,CE_random
578,1.5916920900344849,,,,,8,CORnet_S,transfer,classify,CE_random
579,1.8604860305786133,,,,,8,CORnet_S,transfer,classify,CE_random
580,1.2871263027191162,,,,,8,CORnet_S,transfer,classify,CE_random
581,1.5883567333221436,,,,,8,CORnet_S,transfer,classify,CE_random
582,1.4056304693222046,,,,,8,CORnet_S,transfer,classify,CE_random
583,1.2762000560760498,,,,,8,CORnet_S,transfer,classify,CE_random
584,1.7253005504608154,,,,,8,CORnet_S,transfer,classify,CE_random
585,1.4759559631347656,,,,,8,CORnet_S,transfer,classify,CE_random
586,1.6792213916778564,,,,,8,CORnet_S,transfer,classify,CE_random
587,1.9273680448532104,,,,,8,CORnet_S,transfer,classify,CE_random
588,1.874811172485352,,,,,8,CORnet_S,transfer,classify,CE_random
589,1.4746124744415283,,,,,8,CORnet_S,transfer,classify,CE_random
590,2.0678882598876958,,,,,8,CORnet_S,transfer,classify,CE_random
591,1.9054349660873413,,,,,8,CORnet_S,transfer,classify,CE_random
592,1.540360689163208,,,,,8,CORnet_S,transfer,classify,CE_random
593,1.360234022140503,,,,,8,CORnet_S,transfer,classify,CE_random
594,1.6644723415374756,,,,,8,CORnet_S,transfer,classify,CE_random
595,1.5579922199249268,,,,,8,CORnet_S,transfer,classify,CE_random
596,2.1394510269165044,,,,,8,CORnet_S,transfer,classify,CE_random
597,1.8163411617279053,,,,,8,CORnet_S,transfer,classify,CE_random
598,1.868876576423645,,,,,8,CORnet_S,transfer,classify,CE_random
599,1.8059749603271484,,,,,8,CORnet_S,transfer,classify,CE_random
600,1.8673630952835083,1.5276985168457031,0.2429552674293518,0.5861878395080566,0.5779005289077759,8,CORnet_S,transfer,classify,CE_random
601,1.5011677742004397,,,,,8,CORnet_S,transfer,classify,CE_random
602,1.6833178997039795,,,,,8,CORnet_S,transfer,classify,CE_random
603,1.877230882644653,,,,,8,CORnet_S,transfer,classify,CE_random
604,1.174896001815796,,,,,8,CORnet_S,transfer,classify,CE_random
605,2.2569785118103027,,,,,8,CORnet_S,transfer,classify,CE_random
606,1.7610827684402466,,,,,8,CORnet_S,transfer,classify,CE_random
607,1.7993202209472656,,,,,8,CORnet_S,transfer,classify,CE_random
608,2.2174479961395264,,,,,8,CORnet_S,transfer,classify,CE_random
609,1.7143330574035645,,,,,8,CORnet_S,transfer,classify,CE_random
610,1.974604249000549,,,,,8,CORnet_S,transfer,classify,CE_random
611,1.7644715309143066,,,,,8,CORnet_S,transfer,classify,CE_random
612,1.6052032709121704,,,,,8,CORnet_S,transfer,classify,CE_random
613,1.5680443048477173,,,,,8,CORnet_S,transfer,classify,CE_random
614,0.9116553664207458,,,,,8,CORnet_S,transfer,classify,CE_random
615,1.8302611112594604,,,,,8,CORnet_S,transfer,classify,CE_random
616,1.761194348335266,,,,,8,CORnet_S,transfer,classify,CE_random
617,1.5028926134109497,,,,,8,CORnet_S,transfer,classify,CE_random
618,1.9717090129852293,,,,,8,CORnet_S,transfer,classify,CE_random
619,1.4581025838851929,,,,,8,CORnet_S,transfer,classify,CE_random
620,1.9322550296783447,,,,,8,CORnet_S,transfer,classify,CE_random
621,1.877918601036072,,,,,8,CORnet_S,transfer,classify,CE_random
622,1.902949810028076,,,,,8,CORnet_S,transfer,classify,CE_random
623,1.685042142868042,,,,,8,CORnet_S,transfer,classify,CE_random
624,2.0562486648559566,,,,,8,CORnet_S,transfer,classify,CE_random
625,1.981814980506897,,,,,8,CORnet_S,transfer,classify,CE_random
626,2.0656864643096924,,,,,8,CORnet_S,transfer,classify,CE_random
627,1.2207841873168943,,,,,8,CORnet_S,transfer,classify,CE_random
628,1.5108022689819336,,,,,8,CORnet_S,transfer,classify,CE_random
629,1.2638742923736572,,,,,8,CORnet_S,transfer,classify,CE_random
630,1.3871114253997805,,,,,8,CORnet_S,transfer,classify,CE_random
631,2.0013177394866943,,,,,8,CORnet_S,transfer,classify,CE_random
632,1.340632677078247,,,,,8,CORnet_S,transfer,classify,CE_random
633,2.1316962242126465,,,,,8,CORnet_S,transfer,classify,CE_random
634,2.150187730789185,,,,,8,CORnet_S,transfer,classify,CE_random
635,1.5066175460815432,,,,,8,CORnet_S,transfer,classify,CE_random
636,1.7536906003952026,,,,,8,CORnet_S,transfer,classify,CE_random
637,1.9380693435668943,,,,,8,CORnet_S,transfer,classify,CE_random
638,2.29560923576355,,,,,8,CORnet_S,transfer,classify,CE_random
639,1.656688928604126,,,,,8,CORnet_S,transfer,classify,CE_random
640,1.8566309213638303,,,,,8,CORnet_S,transfer,classify,CE_random
641,1.5055055618286133,,,,,8,CORnet_S,transfer,classify,CE_random
642,1.6302533149719238,,,,,8,CORnet_S,transfer,classify,CE_random
643,1.6336714029312134,,,,,8,CORnet_S,transfer,classify,CE_random
644,1.7292528152465818,,,,,8,CORnet_S,transfer,classify,CE_random
645,1.9723455905914309,,,,,8,CORnet_S,transfer,classify,CE_random
646,1.75138521194458,,,,,8,CORnet_S,transfer,classify,CE_random
647,1.4319032430648804,,,,,8,CORnet_S,transfer,classify,CE_random
648,1.9143923521041868,,,,,8,CORnet_S,transfer,classify,CE_random
649,1.8368674516677856,,,,,8,CORnet_S,transfer,classify,CE_random
650,1.597054362297058,1.4524303674697876,0.2468366026878357,0.636947512626648,0.6227900385856628,8,CORnet_S,transfer,classify,CE_random
651,1.8083132505416868,,,,,8,CORnet_S,transfer,classify,CE_random
652,1.8330014944076536,,,,,8,CORnet_S,transfer,classify,CE_random
653,1.6300270557403564,,,,,8,CORnet_S,transfer,classify,CE_random
654,1.182765007019043,,,,,8,CORnet_S,transfer,classify,CE_random
655,1.5660427808761597,,,,,8,CORnet_S,transfer,classify,CE_random
656,1.780285120010376,,,,,8,CORnet_S,transfer,classify,CE_random
657,1.6342015266418457,,,,,8,CORnet_S,transfer,classify,CE_random
658,1.8790733814239504,,,,,8,CORnet_S,transfer,classify,CE_random
659,1.880914807319641,,,,,8,CORnet_S,transfer,classify,CE_random
660,1.519196629524231,,,,,8,CORnet_S,transfer,classify,CE_random
661,1.4642213582992554,,,,,8,CORnet_S,transfer,classify,CE_random
662,1.8646105527877808,,,,,8,CORnet_S,transfer,classify,CE_random
663,2.088510036468506,,,,,8,CORnet_S,transfer,classify,CE_random
664,2.0610001087188716,,,,,8,CORnet_S,transfer,classify,CE_random
665,1.387420892715454,,,,,8,CORnet_S,transfer,classify,CE_random
666,1.2945910692214966,,,,,8,CORnet_S,transfer,classify,CE_random
667,1.989995360374451,,,,,8,CORnet_S,transfer,classify,CE_random
668,1.8574371337890625,,,,,8,CORnet_S,transfer,classify,CE_random
669,1.728142261505127,,,,,8,CORnet_S,transfer,classify,CE_random
670,1.7294957637786863,,,,,8,CORnet_S,transfer,classify,CE_random
671,1.6955238580703735,,,,,8,CORnet_S,transfer,classify,CE_random
672,1.5273951292037964,,,,,8,CORnet_S,transfer,classify,CE_random
673,1.3359174728393557,,,,,8,CORnet_S,transfer,classify,CE_random
674,1.3014436960220337,,,,,8,CORnet_S,transfer,classify,CE_random
675,1.7048945426940918,,,,,8,CORnet_S,transfer,classify,CE_random
676,1.7931959629058838,,,,,8,CORnet_S,transfer,classify,CE_random
677,2.0340816974639893,,,,,8,CORnet_S,transfer,classify,CE_random
678,1.616000771522522,,,,,8,CORnet_S,transfer,classify,CE_random
679,1.996615529060364,,,,,8,CORnet_S,transfer,classify,CE_random
680,1.7481752634048462,,,,,8,CORnet_S,transfer,classify,CE_random
681,1.2763744592666626,,,,,8,CORnet_S,transfer,classify,CE_random
682,1.488067865371704,,,,,8,CORnet_S,transfer,classify,CE_random
683,1.4932184219360352,,,,,8,CORnet_S,transfer,classify,CE_random
684,1.7775415182113647,,,,,8,CORnet_S,transfer,classify,CE_random
685,1.318996787071228,,,,,8,CORnet_S,transfer,classify,CE_random
686,1.9193624258041384,,,,,8,CORnet_S,transfer,classify,CE_random
687,1.8009655475616455,,,,,8,CORnet_S,transfer,classify,CE_random
688,1.5706160068511963,,,,,8,CORnet_S,transfer,classify,CE_random
689,2.0401294231414795,,,,,8,CORnet_S,transfer,classify,CE_random
690,1.144880771636963,,,,,8,CORnet_S,transfer,classify,CE_random
691,1.9327373504638672,,,,,8,CORnet_S,transfer,classify,CE_random
692,1.2680124044418335,,,,,8,CORnet_S,transfer,classify,CE_random
693,1.5231502056121826,,,,,8,CORnet_S,transfer,classify,CE_random
694,1.508510947227478,,,,,8,CORnet_S,transfer,classify,CE_random
695,1.2708795070648191,,,,,8,CORnet_S,transfer,classify,CE_random
696,1.5360409021377563,,,,,8,CORnet_S,transfer,classify,CE_random
697,1.8313992023468015,,,,,8,CORnet_S,transfer,classify,CE_random
698,1.7971224784851074,,,,,8,CORnet_S,transfer,classify,CE_random
699,1.5733237266540527,,,,,8,CORnet_S,transfer,classify,CE_random
700,2.0866501331329346,1.4371789693832395,0.24438607692718506,0.5747237801551819,0.579281747341156,8,CORnet_S,transfer,classify,CE_random
701,1.4635066986083984,,,,,8,CORnet_S,transfer,classify,CE_random
702,1.6967384815216064,,,,,8,CORnet_S,transfer,classify,CE_random
703,2.0627646446228027,,,,,8,CORnet_S,transfer,classify,CE_random
704,1.319912672042847,,,,,8,CORnet_S,transfer,classify,CE_random
705,1.7943673133850098,,,,,8,CORnet_S,transfer,classify,CE_random
706,2.092657804489136,,,,,8,CORnet_S,transfer,classify,CE_random
707,1.2665809392929075,,,,,8,CORnet_S,transfer,classify,CE_random
708,2.2190237045288086,,,,,8,CORnet_S,transfer,classify,CE_random
709,1.7868905067443848,,,,,8,CORnet_S,transfer,classify,CE_random
710,2.0330169200897217,,,,,8,CORnet_S,transfer,classify,CE_random
711,1.954517126083374,,,,,8,CORnet_S,transfer,classify,CE_random
712,1.9403046369552608,,,,,8,CORnet_S,transfer,classify,CE_random
713,1.8318296670913696,,,,,8,CORnet_S,transfer,classify,CE_random
714,1.9570406675338743,,,,,8,CORnet_S,transfer,classify,CE_random
715,1.6361171007156372,,,,,8,CORnet_S,transfer,classify,CE_random
716,2.0679075717926025,,,,,8,CORnet_S,transfer,classify,CE_random
717,1.7807528972625732,,,,,8,CORnet_S,transfer,classify,CE_random
718,1.3181941509246826,,,,,8,CORnet_S,transfer,classify,CE_random
719,1.5462098121643066,,,,,8,CORnet_S,transfer,classify,CE_random
720,1.9670751094818115,,,,,8,CORnet_S,transfer,classify,CE_random
721,1.803476095199585,,,,,8,CORnet_S,transfer,classify,CE_random
722,1.0918642282485962,,,,,8,CORnet_S,transfer,classify,CE_random
723,1.4670475721359253,,,,,8,CORnet_S,transfer,classify,CE_random
724,1.1821794509887695,,,,,8,CORnet_S,transfer,classify,CE_random
725,1.3802107572555542,,,,,8,CORnet_S,transfer,classify,CE_random
726,1.7694485187530518,,,,,8,CORnet_S,transfer,classify,CE_random
727,1.6495343446731567,,,,,8,CORnet_S,transfer,classify,CE_random
728,1.56292462348938,,,,,8,CORnet_S,transfer,classify,CE_random
729,1.658501386642456,,,,,8,CORnet_S,transfer,classify,CE_random
730,1.9123727083206177,,,,,8,CORnet_S,transfer,classify,CE_random
731,0.9284374117851256,,,,,8,CORnet_S,transfer,classify,CE_random
732,1.7276784181594849,,,,,8,CORnet_S,transfer,classify,CE_random
733,1.738823175430298,,,,,8,CORnet_S,transfer,classify,CE_random
734,1.8622965812683103,,,,,8,CORnet_S,transfer,classify,CE_random
735,1.873901128768921,,,,,8,CORnet_S,transfer,classify,CE_random
736,1.3821977376937866,,,,,8,CORnet_S,transfer,classify,CE_random
737,1.9847936630249023,,,,,8,CORnet_S,transfer,classify,CE_random
738,1.611167311668396,,,,,8,CORnet_S,transfer,classify,CE_random
739,1.7999054193496704,,,,,8,CORnet_S,transfer,classify,CE_random
740,1.5668200254440308,,,,,8,CORnet_S,transfer,classify,CE_random
741,1.4195268154144287,,,,,8,CORnet_S,transfer,classify,CE_random
742,1.962617874145508,,,,,8,CORnet_S,transfer,classify,CE_random
743,1.614743947982788,,,,,8,CORnet_S,transfer,classify,CE_random
744,1.4395982027053833,,,,,8,CORnet_S,transfer,classify,CE_random
745,1.5487623214721682,,,,,8,CORnet_S,transfer,classify,CE_random
746,1.4529327154159546,,,,,8,CORnet_S,transfer,classify,CE_random
747,2.076538324356079,,,,,8,CORnet_S,transfer,classify,CE_random
748,1.7453901767730713,,,,,8,CORnet_S,transfer,classify,CE_random
749,1.3560916185379028,,,,,8,CORnet_S,transfer,classify,CE_random
750,1.6975454092025757,1.3386790752410889,0.2352481335401535,0.6393646597862244,0.6432320475578308,8,CORnet_S,transfer,classify,CE_random
751,1.4306782484054563,,,,,8,CORnet_S,transfer,classify,CE_random
752,1.4587564468383791,,,,,8,CORnet_S,transfer,classify,CE_random
753,1.9341323375701904,,,,,8,CORnet_S,transfer,classify,CE_random
754,1.5958054065704346,,,,,8,CORnet_S,transfer,classify,CE_random
755,1.4817769527435305,,,,,8,CORnet_S,transfer,classify,CE_random
756,1.4930696487426758,,,,,8,CORnet_S,transfer,classify,CE_random
757,1.8825181722640991,,,,,8,CORnet_S,transfer,classify,CE_random
758,1.519254207611084,,,,,8,CORnet_S,transfer,classify,CE_random
759,1.8473725318908687,,,,,8,CORnet_S,transfer,classify,CE_random
760,1.7621049880981443,,,,,8,CORnet_S,transfer,classify,CE_random
761,2.045189619064331,,,,,8,CORnet_S,transfer,classify,CE_random
762,1.4451109170913696,,,,,8,CORnet_S,transfer,classify,CE_random
763,1.5961081981658936,,,,,8,CORnet_S,transfer,classify,CE_random
764,1.1156421899795532,,,,,8,CORnet_S,transfer,classify,CE_random
765,1.7406888008117676,,,,,8,CORnet_S,transfer,classify,CE_random
766,2.055095911026001,,,,,8,CORnet_S,transfer,classify,CE_random
767,1.7822332382202148,,,,,8,CORnet_S,transfer,classify,CE_random
768,1.816387414932251,,,,,8,CORnet_S,transfer,classify,CE_random
769,0.955626368522644,,,,,8,CORnet_S,transfer,classify,CE_random
770,1.4291900396347046,,,,,8,CORnet_S,transfer,classify,CE_random
771,1.9646720886230469,,,,,8,CORnet_S,transfer,classify,CE_random
772,2.227325439453125,,,,,8,CORnet_S,transfer,classify,CE_random
773,1.9519809484481807,,,,,8,CORnet_S,transfer,classify,CE_random
774,1.9434971809387207,,,,,8,CORnet_S,transfer,classify,CE_random
775,1.644312620162964,,,,,8,CORnet_S,transfer,classify,CE_random
776,1.4301488399505615,,,,,8,CORnet_S,transfer,classify,CE_random
777,1.413872480392456,,,,,8,CORnet_S,transfer,classify,CE_random
778,1.6235164403915403,,,,,8,CORnet_S,transfer,classify,CE_random
779,1.97629976272583,,,,,8,CORnet_S,transfer,classify,CE_random
780,1.4853744506835938,,,,,8,CORnet_S,transfer,classify,CE_random
781,1.325609803199768,,,,,8,CORnet_S,transfer,classify,CE_random
782,1.5288808345794678,,,,,8,CORnet_S,transfer,classify,CE_random
783,1.4124282598495483,,,,,8,CORnet_S,transfer,classify,CE_random
784,1.6092453002929688,,,,,8,CORnet_S,transfer,classify,CE_random
785,1.9705673456192017,,,,,8,CORnet_S,transfer,classify,CE_random
786,1.687008261680603,,,,,8,CORnet_S,transfer,classify,CE_random
787,1.5638514757156372,,,,,8,CORnet_S,transfer,classify,CE_random
788,2.134528398513794,,,,,8,CORnet_S,transfer,classify,CE_random
789,1.8818732500076292,,,,,8,CORnet_S,transfer,classify,CE_random
790,1.5258455276489258,,,,,8,CORnet_S,transfer,classify,CE_random
791,1.3128271102905271,,,,,8,CORnet_S,transfer,classify,CE_random
792,1.2481931447982788,,,,,8,CORnet_S,transfer,classify,CE_random
793,1.5384575128555298,,,,,8,CORnet_S,transfer,classify,CE_random
794,1.4521920680999756,,,,,8,CORnet_S,transfer,classify,CE_random
795,1.7122573852539062,,,,,8,CORnet_S,transfer,classify,CE_random
796,1.7102096080780032,,,,,8,CORnet_S,transfer,classify,CE_random
797,1.3948752880096436,,,,,8,CORnet_S,transfer,classify,CE_random
798,1.917219877243042,,,,,8,CORnet_S,transfer,classify,CE_random
799,1.8907692432403564,,,,,8,CORnet_S,transfer,classify,CE_random
800,1.5379419326782229,1.3793333768844604,0.25555258989334106,0.6002762317657471,0.597168505191803,8,CORnet_S,transfer,classify,CE_random
801,1.6822149753570557,,,,,8,CORnet_S,transfer,classify,CE_random
802,1.5921157598495483,,,,,8,CORnet_S,transfer,classify,CE_random
803,1.5566014051437378,,,,,8,CORnet_S,transfer,classify,CE_random
804,1.58102548122406,,,,,8,CORnet_S,transfer,classify,CE_random
805,1.3143701553344729,,,,,8,CORnet_S,transfer,classify,CE_random
806,1.153319001197815,,,,,8,CORnet_S,transfer,classify,CE_random
807,1.664375066757202,,,,,8,CORnet_S,transfer,classify,CE_random
808,1.6350362300872805,,,,,8,CORnet_S,transfer,classify,CE_random
809,1.7614948749542236,,,,,8,CORnet_S,transfer,classify,CE_random
810,1.3614568710327148,,,,,8,CORnet_S,transfer,classify,CE_random
811,1.808001518249512,,,,,8,CORnet_S,transfer,classify,CE_random
812,1.5393509864807131,,,,,8,CORnet_S,transfer,classify,CE_random
813,1.9542852640151975,,,,,8,CORnet_S,transfer,classify,CE_random
814,1.6993237733840942,,,,,8,CORnet_S,transfer,classify,CE_random
815,2.3789799213409424,,,,,8,CORnet_S,transfer,classify,CE_random
816,1.2001334428787231,,,,,8,CORnet_S,transfer,classify,CE_random
817,1.954284429550171,,,,,8,CORnet_S,transfer,classify,CE_random
818,1.8159933090209959,,,,,8,CORnet_S,transfer,classify,CE_random
819,1.0269063711166382,,,,,8,CORnet_S,transfer,classify,CE_random
820,1.5498603582382202,,,,,8,CORnet_S,transfer,classify,CE_random
821,1.907234787940979,,,,,8,CORnet_S,transfer,classify,CE_random
822,1.419445514678955,,,,,8,CORnet_S,transfer,classify,CE_random
823,1.4778246879577637,,,,,8,CORnet_S,transfer,classify,CE_random
824,1.849703550338745,,,,,8,CORnet_S,transfer,classify,CE_random
825,1.423555850982666,,,,,8,CORnet_S,transfer,classify,CE_random
826,1.6658887863159182,,,,,8,CORnet_S,transfer,classify,CE_random
827,2.4091637134552,,,,,8,CORnet_S,transfer,classify,CE_random
828,1.7916977405548096,,,,,8,CORnet_S,transfer,classify,CE_random
829,1.9082185029983518,,,,,8,CORnet_S,transfer,classify,CE_random
830,1.5884990692138672,,,,,8,CORnet_S,transfer,classify,CE_random
831,1.6325478553771973,,,,,8,CORnet_S,transfer,classify,CE_random
832,1.6238226890563965,,,,,8,CORnet_S,transfer,classify,CE_random
833,1.8197225332260127,,,,,8,CORnet_S,transfer,classify,CE_random
834,1.834939956665039,,,,,8,CORnet_S,transfer,classify,CE_random
835,1.4143334627151491,,,,,8,CORnet_S,transfer,classify,CE_random
836,1.6296076774597168,,,,,8,CORnet_S,transfer,classify,CE_random
837,1.6066030263900757,,,,,8,CORnet_S,transfer,classify,CE_random
838,2.1320810317993164,,,,,8,CORnet_S,transfer,classify,CE_random
839,2.0209593772888184,,,,,8,CORnet_S,transfer,classify,CE_random
840,1.814547300338745,,,,,8,CORnet_S,transfer,classify,CE_random
841,2.1491923332214355,,,,,8,CORnet_S,transfer,classify,CE_random
842,1.4920666217803955,,,,,8,CORnet_S,transfer,classify,CE_random
843,1.6978034973144531,,,,,8,CORnet_S,transfer,classify,CE_random
844,1.9307800531387331,,,,,8,CORnet_S,transfer,classify,CE_random
845,1.543814778327942,,,,,8,CORnet_S,transfer,classify,CE_random
846,2.0656073093414307,,,,,8,CORnet_S,transfer,classify,CE_random
847,1.799927830696106,,,,,8,CORnet_S,transfer,classify,CE_random
848,1.70155668258667,,,,,8,CORnet_S,transfer,classify,CE_random
849,1.8380409479141235,,,,,8,CORnet_S,transfer,classify,CE_random
850,1.5388809442520142,1.3084485530853271,0.25305867195129395,0.6659530401229858,0.6604281663894653,8,CORnet_S,transfer,classify,CE_random
851,1.807332992553711,,,,,8,CORnet_S,transfer,classify,CE_random
852,1.8294209241867063,,,,,8,CORnet_S,transfer,classify,CE_random
853,1.452702879905701,,,,,8,CORnet_S,transfer,classify,CE_random
854,1.5028462409973145,,,,,8,CORnet_S,transfer,classify,CE_random
855,1.6607632637023926,,,,,8,CORnet_S,transfer,classify,CE_random
856,1.5114881992340088,,,,,8,CORnet_S,transfer,classify,CE_random
857,1.7886728048324585,,,,,8,CORnet_S,transfer,classify,CE_random
858,1.8347796201705933,,,,,8,CORnet_S,transfer,classify,CE_random
859,1.335171818733215,,,,,8,CORnet_S,transfer,classify,CE_random
860,1.6109493970870972,,,,,8,CORnet_S,transfer,classify,CE_random
861,1.7695801258087158,,,,,8,CORnet_S,transfer,classify,CE_random
862,1.516356110572815,,,,,8,CORnet_S,transfer,classify,CE_random
863,1.5303198099136353,,,,,8,CORnet_S,transfer,classify,CE_random
864,1.3737145662307741,,,,,8,CORnet_S,transfer,classify,CE_random
865,1.07240092754364,,,,,8,CORnet_S,transfer,classify,CE_random
866,1.2469956874847412,,,,,8,CORnet_S,transfer,classify,CE_random
867,2.0023515224456787,,,,,8,CORnet_S,transfer,classify,CE_random
868,1.8131643533706665,,,,,8,CORnet_S,transfer,classify,CE_random
869,1.6973633766174316,,,,,8,CORnet_S,transfer,classify,CE_random
870,1.7981256246566772,,,,,8,CORnet_S,transfer,classify,CE_random
871,1.222348690032959,,,,,8,CORnet_S,transfer,classify,CE_random
872,1.976315975189209,,,,,8,CORnet_S,transfer,classify,CE_random
873,1.1896519660949707,,,,,8,CORnet_S,transfer,classify,CE_random
874,1.4453878402709959,,,,,8,CORnet_S,transfer,classify,CE_random
875,1.8927736282348635,,,,,8,CORnet_S,transfer,classify,CE_random
876,1.6657071113586426,,,,,8,CORnet_S,transfer,classify,CE_random
877,1.4318459033966064,,,,,8,CORnet_S,transfer,classify,CE_random
878,1.4710073471069336,,,,,8,CORnet_S,transfer,classify,CE_random
879,1.882150769233704,,,,,8,CORnet_S,transfer,classify,CE_random
880,1.4663575887680054,,,,,8,CORnet_S,transfer,classify,CE_random
881,1.5059443712234497,,,,,8,CORnet_S,transfer,classify,CE_random
882,1.5519691705703735,,,,,8,CORnet_S,transfer,classify,CE_random
883,2.122007131576538,,,,,8,CORnet_S,transfer,classify,CE_random
884,0.9923208951950072,,,,,8,CORnet_S,transfer,classify,CE_random
885,1.577470064163208,,,,,8,CORnet_S,transfer,classify,CE_random
886,1.869691610336304,,,,,8,CORnet_S,transfer,classify,CE_random
887,1.3700406551361084,,,,,8,CORnet_S,transfer,classify,CE_random
888,1.4523965120315552,,,,,8,CORnet_S,transfer,classify,CE_random
889,1.3063675165176392,,,,,8,CORnet_S,transfer,classify,CE_random
890,1.7710928916931152,,,,,8,CORnet_S,transfer,classify,CE_random
891,1.822997093200684,,,,,8,CORnet_S,transfer,classify,CE_random
892,1.529146671295166,,,,,8,CORnet_S,transfer,classify,CE_random
893,1.36104416847229,,,,,8,CORnet_S,transfer,classify,CE_random
894,1.5668399333953855,,,,,8,CORnet_S,transfer,classify,CE_random
895,1.7340035438537598,,,,,8,CORnet_S,transfer,classify,CE_random
896,1.4722261428833008,,,,,8,CORnet_S,transfer,classify,CE_random
897,1.71399188041687,,,,,8,CORnet_S,transfer,classify,CE_random
898,1.6295545101165771,,,,,8,CORnet_S,transfer,classify,CE_random
899,1.8565380573272705,,,,,8,CORnet_S,transfer,classify,CE_random
900,1.7847225666046145,1.3172657489776611,0.2423335164785385,0.6538674235343933,0.6348757147789001,8,CORnet_S,transfer,classify,CE_random
901,1.1673027276992798,,,,,8,CORnet_S,transfer,classify,CE_random
902,1.2504475116729736,,,,,8,CORnet_S,transfer,classify,CE_random
903,1.557905912399292,,,,,8,CORnet_S,transfer,classify,CE_random
904,1.351008415222168,,,,,8,CORnet_S,transfer,classify,CE_random
905,1.410674810409546,,,,,8,CORnet_S,transfer,classify,CE_random
906,1.758345365524292,,,,,8,CORnet_S,transfer,classify,CE_random
907,1.527506947517395,,,,,8,CORnet_S,transfer,classify,CE_random
908,1.8438766002655032,,,,,8,CORnet_S,transfer,classify,CE_random
909,1.3871134519577026,,,,,8,CORnet_S,transfer,classify,CE_random
910,1.3446335792541504,,,,,8,CORnet_S,transfer,classify,CE_random
911,1.9914287328720093,,,,,8,CORnet_S,transfer,classify,CE_random
912,1.346615195274353,,,,,8,CORnet_S,transfer,classify,CE_random
913,1.2653532028198242,,,,,8,CORnet_S,transfer,classify,CE_random
914,1.6457784175872805,,,,,8,CORnet_S,transfer,classify,CE_random
915,1.5950247049331665,,,,,8,CORnet_S,transfer,classify,CE_random
916,1.7616780996322632,,,,,8,CORnet_S,transfer,classify,CE_random
917,1.887988567352295,,,,,8,CORnet_S,transfer,classify,CE_random
918,2.0724718570709233,,,,,8,CORnet_S,transfer,classify,CE_random
919,1.3758769035339355,,,,,8,CORnet_S,transfer,classify,CE_random
920,1.285622239112854,,,,,8,CORnet_S,transfer,classify,CE_random
921,1.613758563995361,,,,,8,CORnet_S,transfer,classify,CE_random
922,1.2524611949920654,,,,,8,CORnet_S,transfer,classify,CE_random
923,1.5935450792312622,,,,,8,CORnet_S,transfer,classify,CE_random
924,1.4692833423614502,,,,,8,CORnet_S,transfer,classify,CE_random
925,1.350217342376709,,,,,8,CORnet_S,transfer,classify,CE_random
926,1.1967734098434448,,,,,8,CORnet_S,transfer,classify,CE_random
927,1.752330303192139,,,,,8,CORnet_S,transfer,classify,CE_random
928,1.1690940856933594,,,,,8,CORnet_S,transfer,classify,CE_random
929,1.5560971498489382,,,,,8,CORnet_S,transfer,classify,CE_random
930,1.2869510650634766,,,,,8,CORnet_S,transfer,classify,CE_random
931,1.6334291696548462,,,,,8,CORnet_S,transfer,classify,CE_random
932,1.9005990028381348,,,,,8,CORnet_S,transfer,classify,CE_random
933,1.8328282833099363,,,,,8,CORnet_S,transfer,classify,CE_random
934,1.649986743927002,,,,,8,CORnet_S,transfer,classify,CE_random
935,1.7922457456588743,,,,,8,CORnet_S,transfer,classify,CE_random
936,1.307962417602539,,,,,8,CORnet_S,transfer,classify,CE_random
937,1.2068121433258057,,,,,8,CORnet_S,transfer,classify,CE_random
938,1.385061502456665,,,,,8,CORnet_S,transfer,classify,CE_random
939,1.4026583433151243,,,,,8,CORnet_S,transfer,classify,CE_random
940,1.90704083442688,,,,,8,CORnet_S,transfer,classify,CE_random
941,1.5438648462295532,,,,,8,CORnet_S,transfer,classify,CE_random
942,1.974677324295044,,,,,8,CORnet_S,transfer,classify,CE_random
943,1.6562906503677368,,,,,8,CORnet_S,transfer,classify,CE_random
944,1.4942841529846191,,,,,8,CORnet_S,transfer,classify,CE_random
945,1.5194398164749146,,,,,8,CORnet_S,transfer,classify,CE_random
946,1.1039572954177856,,,,,8,CORnet_S,transfer,classify,CE_random
947,1.7012871503829956,,,,,8,CORnet_S,transfer,classify,CE_random
948,1.8918533325195312,,,,,8,CORnet_S,transfer,classify,CE_random
949,1.0865025520324707,,,,,8,CORnet_S,transfer,classify,CE_random
950,1.336299180984497,1.3004816770553589,0.2456650584936142,0.654558002948761,0.6321132779121399,8,CORnet_S,transfer,classify,CE_random
951,2.033440113067627,,,,,8,CORnet_S,transfer,classify,CE_random
952,1.8696255683898928,,,,,8,CORnet_S,transfer,classify,CE_random
953,1.690661907196045,,,,,8,CORnet_S,transfer,classify,CE_random
954,1.762673258781433,,,,,8,CORnet_S,transfer,classify,CE_random
955,1.6174675226211548,,,,,8,CORnet_S,transfer,classify,CE_random
956,2.214818000793457,,,,,8,CORnet_S,transfer,classify,CE_random
957,1.4516763687133791,,,,,8,CORnet_S,transfer,classify,CE_random
958,1.4541834592819214,,,,,8,CORnet_S,transfer,classify,CE_random
959,1.3988693952560425,,,,,8,CORnet_S,transfer,classify,CE_random
960,1.3627080917358398,,,,,8,CORnet_S,transfer,classify,CE_random
961,1.673439621925354,,,,,8,CORnet_S,transfer,classify,CE_random
962,1.3938539028167725,,,,,8,CORnet_S,transfer,classify,CE_random
963,2.086376190185547,,,,,8,CORnet_S,transfer,classify,CE_random
964,1.4213258028030396,,,,,8,CORnet_S,transfer,classify,CE_random
965,1.326357364654541,,,,,8,CORnet_S,transfer,classify,CE_random
966,1.487252950668335,,,,,8,CORnet_S,transfer,classify,CE_random
967,1.2851969003677368,,,,,8,CORnet_S,transfer,classify,CE_random
968,1.786648154258728,,,,,8,CORnet_S,transfer,classify,CE_random
969,1.4014536142349243,,,,,8,CORnet_S,transfer,classify,CE_random
970,1.709435224533081,,,,,8,CORnet_S,transfer,classify,CE_random
971,1.735377073287964,,,,,8,CORnet_S,transfer,classify,CE_random
972,1.6370080709457395,,,,,8,CORnet_S,transfer,classify,CE_random
973,1.5665534734725952,,,,,8,CORnet_S,transfer,classify,CE_random
974,1.4435187578201294,,,,,8,CORnet_S,transfer,classify,CE_random
975,1.3573763370513916,,,,,8,CORnet_S,transfer,classify,CE_random
976,1.3388887643814087,,,,,8,CORnet_S,transfer,classify,CE_random
977,1.724357008934021,,,,,8,CORnet_S,transfer,classify,CE_random
978,1.562314510345459,,,,,8,CORnet_S,transfer,classify,CE_random
979,0.947356104850769,,,,,8,CORnet_S,transfer,classify,CE_random
980,1.663089156150818,,,,,8,CORnet_S,transfer,classify,CE_random
981,1.5288978815078735,,,,,8,CORnet_S,transfer,classify,CE_random
982,1.423149347305298,,,,,8,CORnet_S,transfer,classify,CE_random
983,1.4995722770690918,,,,,8,CORnet_S,transfer,classify,CE_random
984,1.4991159439086914,,,,,8,CORnet_S,transfer,classify,CE_random
985,1.583672046661377,,,,,8,CORnet_S,transfer,classify,CE_random
986,1.218969702720642,,,,,8,CORnet_S,transfer,classify,CE_random
987,1.4808961153030396,,,,,8,CORnet_S,transfer,classify,CE_random
988,1.3867818117141724,,,,,8,CORnet_S,transfer,classify,CE_random
989,1.3866755962371826,,,,,8,CORnet_S,transfer,classify,CE_random
990,1.4555970430374146,,,,,8,CORnet_S,transfer,classify,CE_random
991,1.3400554656982422,,,,,8,CORnet_S,transfer,classify,CE_random
992,1.8266587257385252,,,,,8,CORnet_S,transfer,classify,CE_random
993,1.3624966144561768,,,,,8,CORnet_S,transfer,classify,CE_random
994,1.5738378763198853,,,,,8,CORnet_S,transfer,classify,CE_random
995,1.1878135204315186,,,,,8,CORnet_S,transfer,classify,CE_random
996,1.1671783924102783,,,,,8,CORnet_S,transfer,classify,CE_random
997,1.8159716129302976,,,,,8,CORnet_S,transfer,classify,CE_random
998,1.9471479654312132,,,,,8,CORnet_S,transfer,classify,CE_random
999,1.8362667560577397,,,,,8,CORnet_S,transfer,classify,CE_random
1000,1.7129980325698853,1.3047616481781006,0.2474525272846222,0.6766574382781982,0.6397099494934082,8,CORnet_S,transfer,classify,CE_random
1001,1.2278242111206057,,,,,8,CORnet_S,transfer,classify,CE_random
1002,1.70809805393219,,,,,8,CORnet_S,transfer,classify,CE_random
1003,1.4428234100341797,,,,,8,CORnet_S,transfer,classify,CE_random
1004,1.3238248825073242,,,,,8,CORnet_S,transfer,classify,CE_random
1005,1.5832991600036619,,,,,8,CORnet_S,transfer,classify,CE_random
1006,1.5979273319244385,,,,,8,CORnet_S,transfer,classify,CE_random
1007,1.5950169563293457,,,,,8,CORnet_S,transfer,classify,CE_random
1008,1.7877782583236694,,,,,8,CORnet_S,transfer,classify,CE_random
1009,1.5106980800628662,,,,,8,CORnet_S,transfer,classify,CE_random
1010,2.1302642822265625,,,,,8,CORnet_S,transfer,classify,CE_random
1011,1.7477630376815796,,,,,8,CORnet_S,transfer,classify,CE_random
1012,1.6744145154953003,,,,,8,CORnet_S,transfer,classify,CE_random
1013,1.826864004135132,,,,,8,CORnet_S,transfer,classify,CE_random
1014,1.3608596324920654,,,,,8,CORnet_S,transfer,classify,CE_random
1015,1.403157114982605,,,,,8,CORnet_S,transfer,classify,CE_random
1016,1.2537600994110107,,,,,8,CORnet_S,transfer,classify,CE_random
1017,1.5091618299484253,,,,,8,CORnet_S,transfer,classify,CE_random
1018,1.3680812120437622,,,,,8,CORnet_S,transfer,classify,CE_random
1019,1.411212682723999,,,,,8,CORnet_S,transfer,classify,CE_random
1020,1.3955767154693604,,,,,8,CORnet_S,transfer,classify,CE_random
1021,1.3453177213668823,,,,,8,CORnet_S,transfer,classify,CE_random
1022,1.4739278554916382,,,,,8,CORnet_S,transfer,classify,CE_random
1023,0.95624178647995,,,,,8,CORnet_S,transfer,classify,CE_random
1024,1.4800394773483276,,,,,8,CORnet_S,transfer,classify,CE_random
1025,1.492746114730835,,,,,8,CORnet_S,transfer,classify,CE_random
1026,1.731749176979065,,,,,8,CORnet_S,transfer,classify,CE_random
1027,1.550183892250061,,,,,8,CORnet_S,transfer,classify,CE_random
1028,0.9735602140426636,,,,,8,CORnet_S,transfer,classify,CE_random
1029,1.2858239412307741,,,,,8,CORnet_S,transfer,classify,CE_random
1030,1.5096594095230105,,,,,8,CORnet_S,transfer,classify,CE_random
1031,1.376305103302002,,,,,8,CORnet_S,transfer,classify,CE_random
1032,1.3016585111618042,,,,,8,CORnet_S,transfer,classify,CE_random
1033,1.532442331314087,,,,,8,CORnet_S,transfer,classify,CE_random
1034,1.3674702644348145,,,,,8,CORnet_S,transfer,classify,CE_random
1035,1.8497589826583865,,,,,8,CORnet_S,transfer,classify,CE_random
1036,1.180011510848999,,,,,8,CORnet_S,transfer,classify,CE_random
1037,1.049754977226257,,,,,8,CORnet_S,transfer,classify,CE_random
1038,1.3432374000549316,,,,,8,CORnet_S,transfer,classify,CE_random
1039,1.1928163766860962,,,,,8,CORnet_S,transfer,classify,CE_random
1040,1.6100405454635618,,,,,8,CORnet_S,transfer,classify,CE_random
1041,1.6766676902770996,,,,,8,CORnet_S,transfer,classify,CE_random
1042,1.5754128694534302,,,,,8,CORnet_S,transfer,classify,CE_random
1043,1.5393680334091189,,,,,8,CORnet_S,transfer,classify,CE_random
1044,1.3495521545410156,,,,,8,CORnet_S,transfer,classify,CE_random
1045,1.1182104349136353,,,,,8,CORnet_S,transfer,classify,CE_random
1046,1.6688888072967532,,,,,8,CORnet_S,transfer,classify,CE_random
1047,1.8858499526977541,,,,,8,CORnet_S,transfer,classify,CE_random
1048,1.3459306955337524,,,,,8,CORnet_S,transfer,classify,CE_random
1049,1.254209280014038,,,,,8,CORnet_S,transfer,classify,CE_random
1050,1.485109567642212,1.296676516532898,0.2504189610481262,0.6438536047935486,0.6272789835929871,8,CORnet_S,transfer,classify,CE_random
1051,1.5471062660217283,,,,,8,CORnet_S,transfer,classify,CE_random
1052,1.8431187868118288,,,,,8,CORnet_S,transfer,classify,CE_random
1053,1.350456714630127,,,,,8,CORnet_S,transfer,classify,CE_random
1054,1.55393385887146,,,,,8,CORnet_S,transfer,classify,CE_random
1055,1.5306464433670044,,,,,8,CORnet_S,transfer,classify,CE_random
1056,1.368897557258606,,,,,8,CORnet_S,transfer,classify,CE_random
1057,1.486103653907776,,,,,8,CORnet_S,transfer,classify,CE_random
1058,1.5279520750045776,,,,,8,CORnet_S,transfer,classify,CE_random
1059,1.6683666706085205,,,,,8,CORnet_S,transfer,classify,CE_random
1060,1.7283470630645752,,,,,8,CORnet_S,transfer,classify,CE_random
1061,1.483875393867493,,,,,8,CORnet_S,transfer,classify,CE_random
1062,1.805713176727295,,,,,8,CORnet_S,transfer,classify,CE_random
1063,1.3313734531402588,,,,,8,CORnet_S,transfer,classify,CE_random
1064,1.5113099813461304,,,,,8,CORnet_S,transfer,classify,CE_random
1065,1.308916687965393,,,,,8,CORnet_S,transfer,classify,CE_random
1066,2.0214805603027344,,,,,8,CORnet_S,transfer,classify,CE_random
1067,1.7711081504821775,,,,,8,CORnet_S,transfer,classify,CE_random
1068,1.6946581602096558,,,,,8,CORnet_S,transfer,classify,CE_random
1069,1.0960443019866943,,,,,8,CORnet_S,transfer,classify,CE_random
1070,1.8776636123657229,,,,,8,CORnet_S,transfer,classify,CE_random
1071,1.056896448135376,,,,,8,CORnet_S,transfer,classify,CE_random
1072,1.4739980697631836,,,,,8,CORnet_S,transfer,classify,CE_random
1073,1.210095763206482,,,,,8,CORnet_S,transfer,classify,CE_random
1074,1.8646011352539065,,,,,8,CORnet_S,transfer,classify,CE_random
1075,0.7992252111434937,,,,,8,CORnet_S,transfer,classify,CE_random
1076,1.5653605461120603,,,,,8,CORnet_S,transfer,classify,CE_random
1077,1.4668782949447632,,,,,8,CORnet_S,transfer,classify,CE_random
1078,1.6674418449401855,,,,,8,CORnet_S,transfer,classify,CE_random
1079,1.3551321029663086,,,,,8,CORnet_S,transfer,classify,CE_random
1080,1.3237426280975342,,,,,8,CORnet_S,transfer,classify,CE_random
1081,1.555722951889038,,,,,8,CORnet_S,transfer,classify,CE_random
1082,1.2511966228485107,,,,,8,CORnet_S,transfer,classify,CE_random
1083,1.6530402898788452,,,,,8,CORnet_S,transfer,classify,CE_random
1084,1.750823974609375,,,,,8,CORnet_S,transfer,classify,CE_random
1085,1.8120273351669312,,,,,8,CORnet_S,transfer,classify,CE_random
1086,1.0977299213409424,,,,,8,CORnet_S,transfer,classify,CE_random
1087,1.743519902229309,,,,,8,CORnet_S,transfer,classify,CE_random
1088,1.551422953605652,,,,,8,CORnet_S,transfer,classify,CE_random
1089,1.4218502044677734,,,,,8,CORnet_S,transfer,classify,CE_random
1090,1.8591654300689695,,,,,8,CORnet_S,transfer,classify,CE_random
1091,1.7928199768066406,,,,,8,CORnet_S,transfer,classify,CE_random
1092,1.1589300632476809,,,,,8,CORnet_S,transfer,classify,CE_random
1093,1.774033784866333,,,,,8,CORnet_S,transfer,classify,CE_random
1094,1.01649272441864,,,,,8,CORnet_S,transfer,classify,CE_random
1095,1.3211870193481443,,,,,8,CORnet_S,transfer,classify,CE_random
1096,1.6115379333496094,,,,,8,CORnet_S,transfer,classify,CE_random
1097,1.6775310039520264,,,,,8,CORnet_S,transfer,classify,CE_random
1098,1.8263843059539795,,,,,8,CORnet_S,transfer,classify,CE_random
1099,1.6047885417938232,,,,,8,CORnet_S,transfer,classify,CE_random
1100,1.6214959621429443,,,,,8,CORnet_S,transfer,classify,CE_random
